{
  "ProofCsv": "./config/proof.csv",
  "ZkKeyVKDirectoryAndPrefix": "./zkpor4",
  "CexAssetsInfo": [{"TotalEquity":0,"TotalDebt":0,"BasePrice":21920000,"Symbol":"1inch","Index":0},{"TotalEquity":0,"TotalDebt":0,"BasePrice":2262004,"Symbol":"a47","Index":1},{"TotalEquity":0,"TotalDebt":0,"BasePrice":30383999999,"Symbol":"aave","Index":2},{"TotalEquity":0,"TotalDebt":0,"BasePrice":77679999,"Symbol":"abt","Index":3},{"TotalEquity":0,"TotalDebt":0,"BasePrice":2099000,"Symbol":"ach","Index":4},{"TotalEquity":0,"TotalDebt":0,"BasePrice":4966001,"Symbol":"act","Index":5},{"TotalEquity":0,"TotalDebt":0,"BasePrice":18850000,"Symbol":"acx","Index":6},{"TotalEquity":0,"TotalDebt":0,"BasePrice":69810000,"Symbol":"ada","Index":7},{"TotalEquity":0,"TotalDebt":0,"BasePrice":963000,"Symbol":"ae","Index":8},{"TotalEquity":0,"TotalDebt":0,"BasePrice":55140000,"Symbol":"aero","Index":9},{"TotalEquity":0,"TotalDebt":0,"BasePrice":10078000,"Symbol":"aevo","Index":10},{"TotalEquity":0,"TotalDebt":0,"BasePrice":5676999,"Symbol":"agi","Index":11},{"TotalEquity":0,"TotalDebt":0,"BasePrice":82820000,"Symbol":"agld","Index":12},{"TotalEquity":0,"TotalDebt":0,"BasePrice":20230032,"Symbol":"ai16z","Index":13},{"TotalEquity":0,"TotalDebt":0,"BasePrice":10563999,"Symbol":"aic","Index":14},{"TotalEquity":0,"TotalDebt":0,"BasePrice":12745,"Symbol":"aidoge","Index":15},{"TotalEquity":0,"TotalDebt":0,"BasePrice":40500000,"Symbol":"aioz","Index":16},{"TotalEquity":0,"TotalDebt":0,"BasePrice":6714999,"Symbol":"aitech","Index":17},{"TotalEquity":0,"TotalDebt":0,"BasePrice":18413012,"Symbol":"aixbt","Index":18},{"TotalEquity":0,"TotalDebt":0,"BasePrice":134860000,"Symbol":"akt","Index":19},{"TotalEquity":0,"TotalDebt":0,"BasePrice":13244990,"Symbol":"alch","Index":20},{"TotalEquity":0,"TotalDebt":0,"BasePrice":19679999,"Symbol":"aleo","Index":21},{"TotalEquity":0,"TotalDebt":0,"BasePrice":1756999,"Symbol":"alex","Index":22},{"TotalEquity":0,"TotalDebt":0,"BasePrice":19723000,"Symbol":"algo","Index":23},{"TotalEquity":0,"TotalDebt":0,"BasePrice":589799,"Symbol":"ali","Index":24},{"TotalEquity":0,"TotalDebt":0,"BasePrice":4056000,"Symbol":"alpaca","Index":25},{"TotalEquity":0,"TotalDebt":0,"BasePrice":38669999,"Symbol":"alph","Index":26},{"TotalEquity":0,"TotalDebt":0,"BasePrice":1871000,"Symbol":"alu","Index":27},{"TotalEquity":0,"TotalDebt":0,"BasePrice":109460000,"Symbol":"amc","Index":28},{"TotalEquity":0,"TotalDebt":0,"BasePrice":135430000,"Symbol":"ampl","Index":29},{"TotalEquity":0,"TotalDebt":0,"BasePrice":1664399,"Symbol":"ankr","Index":30},{"TotalEquity":0,"TotalDebt":0,"BasePrice":71210000,"Symbol":"ape","Index":31},{"TotalEquity":0,"TotalDebt":0,"BasePrice":130599999,"Symbol":"apepe","Index":32},{"TotalEquity":0,"TotalDebt":0,"BasePrice":501900000,"Symbol":"apt","Index":33},{"TotalEquity":0,"TotalDebt":0,"BasePrice":22420608699,"Symbol":"apu","Index":34},{"TotalEquity":0,"TotalDebt":0,"BasePrice":7692000,"Symbol":"apx","Index":35},{"TotalEquity":0,"TotalDebt":0,"BasePrice":693900000,"Symbol":"ar","Index":36},{"TotalEquity":0,"TotalDebt":0,"BasePrice":39730000,"Symbol":"arb","Index":37},{"TotalEquity":0,"TotalDebt":0,"BasePrice":53649999,"Symbol":"arkm","Index":38},{"TotalEquity":0,"TotalDebt":0,"BasePrice":4838999,"Symbol":"ath","Index":39},{"TotalEquity":0,"TotalDebt":0,"BasePrice":109059999642,"Symbol":"atlas","Index":40},{"TotalEquity":0,"TotalDebt":0,"BasePrice":450800000,"Symbol":"atom","Index":41},{"TotalEquity":0,"TotalDebt":0,"BasePrice":8129999,"Symbol":"aurora","Index":42},{"TotalEquity":0,"TotalDebt":0,"BasePrice":3547000,"Symbol":"avaai","Index":43},{"TotalEquity":0,"TotalDebt":0,"BasePrice":3121000,"Symbol":"avail","Index":44},{"TotalEquity":0,"TotalDebt":0,"BasePrice":2157000000,"Symbol":"avax","Index":45},{"TotalEquity":0,"TotalDebt":0,"BasePrice":40661749,"Symbol":"b2","Index":46},{"TotalEquity":0,"TotalDebt":0,"BasePrice":6704000,"Symbol":"baby","Index":47},{"TotalEquity":0,"TotalDebt":0,"BasePrice":140700,"Symbol":"babydoge","Index":48},{"TotalEquity":0,"TotalDebt":0,"BasePrice":11569999,"Symbol":"bake","Index":49},{"TotalEquity":0,"TotalDebt":0,"BasePrice":5688998,"Symbol":"ban","Index":50},{"TotalEquity":0,"TotalDebt":0,"BasePrice":605800,"Symbol":"bananas31","Index":51},{"TotalEquity":0,"TotalDebt":0,"BasePrice":3331999,"Symbol":"bcd","Index":52},{"TotalEquity":0,"TotalDebt":0,"BasePrice":42891999999,"Symbol":"bch","Index":53},{"TotalEquity":0,"TotalDebt":0,"BasePrice":3483999,"Symbol":"beam","Index":54},{"TotalEquity":0,"TotalDebt":0,"BasePrice":660300,"Symbol":"beamx","Index":55},{"TotalEquity":0,"TotalDebt":0,"BasePrice":20620000,"Symbol":"bells","Index":56},{"TotalEquity":0,"TotalDebt":0,"BasePrice":248099,"Symbol":"bendog","Index":57},{"TotalEquity":0,"TotalDebt":0,"BasePrice":238200000,"Symbol":"bera","Index":58},{"TotalEquity":0,"TotalDebt":0,"BasePrice":797200000000,"Symbol":"bgsc","Index":59},{"TotalEquity":0,"TotalDebt":0,"BasePrice":6064999,"Symbol":"bigtime","Index":60},{"TotalEquity":0,"TotalDebt":0,"BasePrice":86270000000,"Symbol":"bitboard","Index":61},{"TotalEquity":0,"TotalDebt":0,"BasePrice":276799,"Symbol":"blast","Index":62},{"TotalEquity":0,"TotalDebt":0,"BasePrice":6947000,"Symbol":"blockasset","Index":63},{"TotalEquity":0,"TotalDebt":0,"BasePrice":9020999,"Symbol":"blur","Index":64},{"TotalEquity":0,"TotalDebt":0,"BasePrice":9725023,"Symbol":"bmt","Index":65},{"TotalEquity":0,"TotalDebt":0,"BasePrice":66740000000,"Symbol":"bnb","Index":66},{"TotalEquity":0,"TotalDebt":0,"BasePrice":9109999,"Symbol":"boba","Index":67},{"TotalEquity":0,"TotalDebt":0,"BasePrice":188680832640,"Symbol":"bome","Index":68},{"TotalEquity":0,"TotalDebt":0,"BasePrice":27140000,"Symbol":"bone","Index":69},{"TotalEquity":0,"TotalDebt":0,"BasePrice":1676598899,"Symbol":"bonk","Index":70},{"TotalEquity":0,"TotalDebt":0,"BasePrice":10754000,"Symbol":"boson","Index":71},{"TotalEquity":0,"TotalDebt":0,"BasePrice":4666005,"Symbol":"br","Index":72},{"TotalEquity":0,"TotalDebt":0,"BasePrice":5494000,"Symbol":"brett","Index":73},{"TotalEquity":0,"TotalDebt":0,"BasePrice":5285999,"Symbol":"brise","Index":74},{"TotalEquity":0,"TotalDebt":0,"BasePrice":2612711,"Symbol":"broccoli","Index":75},{"TotalEquity":0,"TotalDebt":0,"BasePrice":3307999999,"Symbol":"bsv","Index":76},{"TotalEquity":0,"TotalDebt":0,"BasePrice":10864969999999,"Symbol":"btc","Index":77},{"TotalEquity":0,"TotalDebt":0,"BasePrice":17099999,"Symbol":"btcs","Index":78},{"TotalEquity":0,"TotalDebt":0,"BasePrice":69729999,"Symbol":"btt","Index":79},{"TotalEquity":0,"TotalDebt":0,"BasePrice":16809999,"Symbol":"bzz","Index":80},{"TotalEquity":0,"TotalDebt":0,"BasePrice":256770000,"Symbol":"cake","Index":81},{"TotalEquity":0,"TotalDebt":0,"BasePrice":1358478361,"Symbol":"cat","Index":82},{"TotalEquity":0,"TotalDebt":0,"BasePrice":370800,"Symbol":"ccd","Index":83},{"TotalEquity":0,"TotalDebt":0,"BasePrice":1264000,"Symbol":"ceek","Index":84},{"TotalEquity":0,"TotalDebt":0,"BasePrice":29200000,"Symbol":"cell","Index":85},{"TotalEquity":0,"TotalDebt":0,"BasePrice":32619999,"Symbol":"celo","Index":86},{"TotalEquity":0,"TotalDebt":0,"BasePrice":11738999,"Symbol":"cetus","Index":87},{"TotalEquity":0,"TotalDebt":0,"BasePrice":8212999,"Symbol":"cfx","Index":88},{"TotalEquity":0,"TotalDebt":0,"BasePrice":10522000,"Symbol":"cgpt","Index":89},{"TotalEquity":0,"TotalDebt":0,"BasePrice":141590134,"Symbol":"cheems","Index":90},{"TotalEquity":0,"TotalDebt":0,"BasePrice":1702000,"Symbol":"cheq","Index":91},{"TotalEquity":0,"TotalDebt":0,"BasePrice":23779999,"Symbol":"chex","Index":92},{"TotalEquity":0,"TotalDebt":0,"BasePrice":5746992,"Symbol":"chillguy","Index":93},{"TotalEquity":0,"TotalDebt":0,"BasePrice":3934000,"Symbol":"chz","Index":94},{"TotalEquity":0,"TotalDebt":0,"BasePrice":418099,"Symbol":"ckb","Index":95},{"TotalEquity":0,"TotalDebt":0,"BasePrice":1911200,"Symbol":"clore","Index":96},{"TotalEquity":0,"TotalDebt":0,"BasePrice":23700999,"Symbol":"cookie","Index":97},{"TotalEquity":0,"TotalDebt":0,"BasePrice":61719999,"Symbol":"coq","Index":98},{"TotalEquity":0,"TotalDebt":0,"BasePrice":63590000,"Symbol":"core","Index":99},{"TotalEquity":0,"TotalDebt":0,"BasePrice":13034000,"Symbol":"coreum","Index":100},{"TotalEquity":0,"TotalDebt":0,"BasePrice":5749000,"Symbol":"coti","Index":101},{"TotalEquity":0,"TotalDebt":0,"BasePrice":14024999,"Symbol":"cpool","Index":102},{"TotalEquity":0,"TotalDebt":0,"BasePrice":9895000,"Symbol":"cro","Index":103},{"TotalEquity":0,"TotalDebt":0,"BasePrice":67289999,"Symbol":"crv","Index":104},{"TotalEquity":0,"TotalDebt":0,"BasePrice":1317700,"Symbol":"cspr","Index":105},{"TotalEquity":0,"TotalDebt":0,"BasePrice":68199999,"Symbol":"ctc","Index":106},{"TotalEquity":0,"TotalDebt":0,"BasePrice":49362000,"Symbol":"ctg","Index":107},{"TotalEquity":0,"TotalDebt":0,"BasePrice":3691000,"Symbol":"dag","Index":108},{"TotalEquity":0,"TotalDebt":0,"BasePrice":13780000,"Symbol":"dao","Index":109},{"TotalEquity":29774,"TotalDebt":0,"BasePrice":58350000000,"Symbol":"dbc","Index":110},{"TotalEquity":0,"TotalDebt":0,"BasePrice":1364999,"Symbol":"dbr","Index":111},{"TotalEquity":0,"TotalDebt":0,"BasePrice":8303999,"Symbol":"deai","Index":112},{"TotalEquity":0,"TotalDebt":0,"BasePrice":16774000,"Symbol":"deep","Index":113},{"TotalEquity":0,"TotalDebt":0,"BasePrice":392199999,"Symbol":"deso","Index":114},{"TotalEquity":0,"TotalDebt":0,"BasePrice":51399999,"Symbol":"devve","Index":115},{"TotalEquity":0,"TotalDebt":0,"BasePrice":924300000,"Symbol":"dexe","Index":116},{"TotalEquity":0,"TotalDebt":0,"BasePrice":100370,"Symbol":"dione","Index":117},{"TotalEquity":0,"TotalDebt":0,"BasePrice":1726999,"Symbol":"dka","Index":118},{"TotalEquity":0,"TotalDebt":0,"BasePrice":10996000,"Symbol":"dmail","Index":119},{"TotalEquity":0,"TotalDebt":0,"BasePrice":434500000000,"Symbol":"dog","Index":120},{"TotalEquity":0,"TotalDebt":0,"BasePrice":19293711303840,"Symbol":"doge","Index":121},{"TotalEquity":0,"TotalDebt":0,"BasePrice":15656000000,"Symbol":"dogs","Index":122},{"TotalEquity":0,"TotalDebt":0,"BasePrice":419600000,"Symbol":"dot","Index":123},{"TotalEquity":0,"TotalDebt":0,"BasePrice":4985999,"Symbol":"drgn","Index":124},{"TotalEquity":0,"TotalDebt":0,"BasePrice":51820000,"Symbol":"drift","Index":125},{"TotalEquity":0,"TotalDebt":0,"BasePrice":200999999999,"Symbol":"dsd","Index":126},{"TotalEquity":0,"TotalDebt":0,"BasePrice":14376999,"Symbol":"dsync","Index":127},{"TotalEquity":0,"TotalDebt":0,"BasePrice":57670000,"Symbol":"dydx","Index":128},{"TotalEquity":0,"TotalDebt":0,"BasePrice":155820000,"Symbol":"eigen","Index":129},{"TotalEquity":0,"TotalDebt":0,"BasePrice":145299999,"Symbol":"ela","Index":130},{"TotalEquity":0,"TotalDebt":0,"BasePrice":22590000,"Symbol":"elf","Index":131},{"TotalEquity":0,"TotalDebt":0,"BasePrice":13495794,"Symbol":"elon","Index":132},{"TotalEquity":0,"TotalDebt":0,"BasePrice":34590000,"Symbol":"ena","Index":133},{"TotalEquity":0,"TotalDebt":0,"BasePrice":2255100000,"Symbol":"ens","Index":134},{"TotalEquity":0,"TotalDebt":0,"BasePrice":100000000,"Symbol":"eos","Index":135},{"TotalEquity":0,"TotalDebt":0,"BasePrice":90570000,"Symbol":"erg","Index":136},{"TotalEquity":0,"TotalDebt":0,"BasePrice":1809000000,"Symbol":"etc","Index":137},{"TotalEquity":0,"TotalDebt":0,"BasePrice":277171999999,"Symbol":"eth","Index":138},{"TotalEquity":0,"TotalDebt":0,"BasePrice":127530000,"Symbol":"ethfi","Index":139},{"TotalEquity":0,"TotalDebt":0,"BasePrice":153800000,"Symbol":"ethw","Index":140},{"TotalEquity":0,"TotalDebt":0,"BasePrice":1467399,"Symbol":"ever","Index":141},{"TotalEquity":0,"TotalDebt":0,"BasePrice":2364032,"Symbol":"fai","Index":142},{"TotalEquity":0,"TotalDebt":0,"BasePrice":135740000,"Symbol":"fartcoin","Index":143},{"TotalEquity":0,"TotalDebt":0,"BasePrice":48040000,"Symbol":"fb","Index":144},{"TotalEquity":0,"TotalDebt":0,"BasePrice":77630000,"Symbol":"fet","Index":145},{"TotalEquity":0,"TotalDebt":0,"BasePrice":269000000,"Symbol":"fil","Index":146},{"TotalEquity":0,"TotalDebt":0,"BasePrice":18997190,"Symbol":"flock","Index":147},{"TotalEquity":0,"TotalDebt":0,"BasePrice":9070997377,"Symbol":"floki","Index":148},{"TotalEquity":0,"TotalDebt":0,"BasePrice":38160000,"Symbol":"flow","Index":149},{"TotalEquity":0,"TotalDebt":0,"BasePrice":1900000,"Symbol":"flr","Index":150},{"TotalEquity":0,"TotalDebt":0,"BasePrice":22640000,"Symbol":"flux","Index":151},{"TotalEquity":0,"TotalDebt":0,"BasePrice":273600000,"Symbol":"form","Index":152},{"TotalEquity":0,"TotalDebt":0,"BasePrice":6720000,"Symbol":"fort","Index":153},{"TotalEquity":0,"TotalDebt":0,"BasePrice":162400,"Symbol":"foxy","Index":154},{"TotalEquity":0,"TotalDebt":0,"BasePrice":445000000,"Symbol":"ftn","Index":155},{"TotalEquity":0,"TotalDebt":0,"BasePrice":97500000,"Symbol":"ftt","Index":156},{"TotalEquity":0,"TotalDebt":0,"BasePrice":1107599,"Symbol":"fuel","Index":157},{"TotalEquity":0,"TotalDebt":0,"BasePrice":5646038,"Symbol":"fwog","Index":158},{"TotalEquity":0,"TotalDebt":0,"BasePrice":1706999,"Symbol":"gala","Index":159},{"TotalEquity":0,"TotalDebt":0,"BasePrice":8524999,"Symbol":"gel","Index":160},{"TotalEquity":0,"TotalDebt":0,"BasePrice":79259999,"Symbol":"gfi","Index":161},{"TotalEquity":0,"TotalDebt":0,"BasePrice":2418000,"Symbol":"glq","Index":162},{"TotalEquity":0,"TotalDebt":0,"BasePrice":2305331,"Symbol":"gm","Index":163},{"TotalEquity":0,"TotalDebt":0,"BasePrice":181936,"Symbol":"gme","Index":164},{"TotalEquity":0,"TotalDebt":0,"BasePrice":12481018,"Symbol":"goat","Index":165},{"TotalEquity":0,"TotalDebt":0,"BasePrice":830786,"Symbol":"gork","Index":166},{"TotalEquity":0,"TotalDebt":0,"BasePrice":175950000,"Symbol":"grass","Index":167},{"TotalEquity":0,"TotalDebt":0,"BasePrice":5187994,"Symbol":"griffain","Index":168},{"TotalEquity":0,"TotalDebt":0,"BasePrice":248000,"Symbol":"grok","Index":169},{"TotalEquity":0,"TotalDebt":0,"BasePrice":9705000,"Symbol":"grt","Index":170},{"TotalEquity":0,"TotalDebt":0,"BasePrice":1819199999,"Symbol":"gt","Index":171},{"TotalEquity":0,"TotalDebt":0,"BasePrice":3121999,"Symbol":"gun","Index":172},{"TotalEquity":0,"TotalDebt":0,"BasePrice":12014178,"Symbol":"haedal","Index":173},{"TotalEquity":0,"TotalDebt":0,"BasePrice":17288999,"Symbol":"hbar","Index":174},{"TotalEquity":0,"TotalDebt":0,"BasePrice":2653999,"Symbol":"hdro","Index":175},{"TotalEquity":0,"TotalDebt":0,"BasePrice":845400,"Symbol":"hgpt","Index":176},{"TotalEquity":0,"TotalDebt":0,"BasePrice":190600000000,"Symbol":"hippo","Index":177},{"TotalEquity":0,"TotalDebt":0,"BasePrice":109999,"Symbol":"hmstr","Index":178},{"TotalEquity":0,"TotalDebt":0,"BasePrice":285699919,"Symbol":"hnt","Index":179},{"TotalEquity":0,"TotalDebt":0,"BasePrice":4357999,"Symbol":"hopr","Index":180},{"TotalEquity":0,"TotalDebt":0,"BasePrice":99079999999,"Symbol":"hot","Index":181},{"TotalEquity":0,"TotalDebt":0,"BasePrice":680900,"Symbol":"hotcross","Index":182},{"TotalEquity":0,"TotalDebt":0,"BasePrice":27689999,"Symbol":"hsk","Index":183},{"TotalEquity":0,"TotalDebt":0,"BasePrice":191009999,"Symbol":"htx","Index":184},{"TotalEquity":0,"TotalDebt":0,"BasePrice":4182400000,"Symbol":"hype","Index":185},{"TotalEquity":0,"TotalDebt":0,"BasePrice":12995355,"Symbol":"hyper","Index":186},{"TotalEquity":0,"TotalDebt":0,"BasePrice":17234000,"Symbol":"iag","Index":187},{"TotalEquity":0,"TotalDebt":0,"BasePrice":473000,"Symbol":"ice","Index":188},{"TotalEquity":0,"TotalDebt":0,"BasePrice":606700000,"Symbol":"icp","Index":189},{"TotalEquity":0,"TotalDebt":0,"BasePrice":20250000,"Symbol":"igt","Index":190},{"TotalEquity":0,"TotalDebt":0,"BasePrice":52620000,"Symbol":"imx","Index":191},{"TotalEquity":0,"TotalDebt":0,"BasePrice":67040000,"Symbol":"init","Index":192},{"TotalEquity":0,"TotalDebt":0,"BasePrice":79950000,"Symbol":"io","Index":193},{"TotalEquity":0,"TotalDebt":0,"BasePrice":18890000,"Symbol":"iota","Index":194},{"TotalEquity":0,"TotalDebt":0,"BasePrice":2116000,"Symbol":"iotx","Index":195},{"TotalEquity":0,"TotalDebt":0,"BasePrice":399799999,"Symbol":"ip","Index":196},{"TotalEquity":0,"TotalDebt":0,"BasePrice":14810000,"Symbol":"iron","Index":197},{"TotalEquity":0,"TotalDebt":0,"BasePrice":1464499,"Symbol":"jasmy","Index":198},{"TotalEquity":0,"TotalDebt":0,"BasePrice":2574204,"Symbol":"jellyjelly","Index":199},{"TotalEquity":0,"TotalDebt":0,"BasePrice":11379999,"Symbol":"joc","Index":200},{"TotalEquity":0,"TotalDebt":0,"BasePrice":212800000,"Symbol":"jto","Index":201},{"TotalEquity":0,"TotalDebt":0,"BasePrice":46600096,"Symbol":"jup","Index":202},{"TotalEquity":0,"TotalDebt":0,"BasePrice":8642000,"Symbol":"kas","Index":203},{"TotalEquity":0,"TotalDebt":0,"BasePrice":42250000,"Symbol":"kava","Index":204},{"TotalEquity":0,"TotalDebt":0,"BasePrice":49170000,"Symbol":"kda","Index":205},{"TotalEquity":0,"TotalDebt":0,"BasePrice":3997661,"Symbol":"kekius","Index":206},{"TotalEquity":0,"TotalDebt":0,"BasePrice":9909,"Symbol":"kishu","Index":207},{"TotalEquity":0,"TotalDebt":0,"BasePrice":6510936,"Symbol":"kmno","Index":208},{"TotalEquity":0,"TotalDebt":0,"BasePrice":2013001,"Symbol":"koma","Index":209},{"TotalEquity":0,"TotalDebt":0,"BasePrice":1675999999,"Symbol":"ksm","Index":210},{"TotalEquity":0,"TotalDebt":0,"BasePrice":4606999,"Symbol":"ladys","Index":211},{"TotalEquity":0,"TotalDebt":0,"BasePrice":80529999999,"Symbol":"lai","Index":212},{"TotalEquity":0,"TotalDebt":0,"BasePrice":76970037,"Symbol":"layer","Index":213},{"TotalEquity":0,"TotalDebt":0,"BasePrice":96000000,"Symbol":"ldo","Index":214},{"TotalEquity":0,"TotalDebt":0,"BasePrice":12860000000,"Symbol":"leash","Index":215},{"TotalEquity":0,"TotalDebt":0,"BasePrice":908600000,"Symbol":"leo","Index":216},{"TotalEquity":0,"TotalDebt":0,"BasePrice":183870000,"Symbol":"lgct","Index":217},{"TotalEquity":0,"TotalDebt":0,"BasePrice":1343000,"Symbol":"lime","Index":218},{"TotalEquity":0,"TotalDebt":0,"BasePrice":1489500320,"Symbol":"link","Index":219},{"TotalEquity":0,"TotalDebt":0,"BasePrice":31750000,"Symbol":"lky","Index":220},{"TotalEquity":0,"TotalDebt":0,"BasePrice":8192999,"Symbol":"lmwr","Index":221},{"TotalEquity":0,"TotalDebt":0,"BasePrice":20099999999,"Symbol":"lobo","Index":222},{"TotalEquity":0,"TotalDebt":0,"BasePrice":768099999,"Symbol":"lpt","Index":223},{"TotalEquity":0,"TotalDebt":0,"BasePrice":8581999,"Symbol":"lrc","Index":224},{"TotalEquity":0,"TotalDebt":0,"BasePrice":9154999999,"Symbol":"ltc","Index":225},{"TotalEquity":0,"TotalDebt":0,"BasePrice":17570000,"Symbol":"luna","Index":226},{"TotalEquity":0,"TotalDebt":0,"BasePrice":6108000000,"Symbol":"lunc","Index":227},{"TotalEquity":0,"TotalDebt":0,"BasePrice":986301722,"Symbol":"maga","Index":228},{"TotalEquity":0,"TotalDebt":0,"BasePrice":29039999,"Symbol":"mana","Index":229},{"TotalEquity":0,"TotalDebt":0,"BasePrice":24169999,"Symbol":"manta","Index":230},{"TotalEquity":0,"TotalDebt":0,"BasePrice":2464000,"Symbol":"masa","Index":231},{"TotalEquity":0,"TotalDebt":0,"BasePrice":16269999,"Symbol":"mavia","Index":232},{"TotalEquity":0,"TotalDebt":0,"BasePrice":675000,"Symbol":"med","Index":233},{"TotalEquity":0,"TotalDebt":0,"BasePrice":29170000,"Symbol":"melania","Index":234},{"TotalEquity":0,"TotalDebt":0,"BasePrice":126339,"Symbol":"memefi","Index":235},{"TotalEquity":0,"TotalDebt":0,"BasePrice":10753781,"Symbol":"merl","Index":236},{"TotalEquity":0,"TotalDebt":0,"BasePrice":1879999999,"Symbol":"metis","Index":237},{"TotalEquity":0,"TotalDebt":0,"BasePrice":326499,"Symbol":"mew","Index":238},{"TotalEquity":0,"TotalDebt":0,"BasePrice":3330000,"Symbol":"miggles","Index":239},{"TotalEquity":0,"TotalDebt":0,"BasePrice":20880000,"Symbol":"mina","Index":240},{"TotalEquity":0,"TotalDebt":0,"BasePrice":206164999999,"Symbol":"mkr","Index":241},{"TotalEquity":0,"TotalDebt":0,"BasePrice":33039999,"Symbol":"mlc","Index":242},{"TotalEquity":0,"TotalDebt":0,"BasePrice":17659999,"Symbol":"mob","Index":243},{"TotalEquity":0,"TotalDebt":0,"BasePrice":8511999,"Symbol":"moca","Index":244},{"TotalEquity":0,"TotalDebt":0,"BasePrice":323799,"Symbol":"mode","Index":245},{"TotalEquity":0,"TotalDebt":0,"BasePrice":108000000,"Symbol":"mog","Index":246},{"TotalEquity":0,"TotalDebt":0,"BasePrice":18459139,"Symbol":"moodeng","Index":247},{"TotalEquity":0,"TotalDebt":0,"BasePrice":3429999999,"Symbol":"moodengeth","Index":248},{"TotalEquity":0,"TotalDebt":0,"BasePrice":158120000,"Symbol":"morpho","Index":249},{"TotalEquity":0,"TotalDebt":0,"BasePrice":15375000,"Symbol":"move","Index":250},{"TotalEquity":0,"TotalDebt":0,"BasePrice":1990999,"Symbol":"mpt","Index":251},{"TotalEquity":0,"TotalDebt":0,"BasePrice":3877991,"Symbol":"mubarak","Index":252},{"TotalEquity":0,"TotalDebt":0,"BasePrice":174849999999,"Symbol":"myria","Index":253},{"TotalEquity":0,"TotalDebt":0,"BasePrice":2209999,"Symbol":"myro","Index":254},{"TotalEquity":0,"TotalDebt":0,"BasePrice":41369999,"Symbol":"naka","Index":255},{"TotalEquity":0,"TotalDebt":0,"BasePrice":124049999999,"Symbol":"natix","Index":256},{"TotalEquity":0,"TotalDebt":0,"BasePrice":257200000,"Symbol":"near","Index":257},{"TotalEquity":0,"TotalDebt":0,"BasePrice":8734000,"Symbol":"neiroeth","Index":258},{"TotalEquity":0,"TotalDebt":0,"BasePrice":624299999,"Symbol":"neo","Index":259},{"TotalEquity":0,"TotalDebt":0,"BasePrice":11710000,"Symbol":"neon","Index":260},{"TotalEquity":0,"TotalDebt":0,"BasePrice":41970000,"Symbol":"nft","Index":261},{"TotalEquity":0,"TotalDebt":0,"BasePrice":36519999,"Symbol":"nil","Index":262},{"TotalEquity":0,"TotalDebt":0,"BasePrice":69409999,"Symbol":"nos","Index":263},{"TotalEquity":0,"TotalDebt":0,"BasePrice":1505098,"Symbol":"npc","Index":264},{"TotalEquity":0,"TotalDebt":0,"BasePrice":17831999,"Symbol":"ns","Index":265},{"TotalEquity":0,"TotalDebt":0,"BasePrice":6658000,"Symbol":"numi","Index":266},{"TotalEquity":0,"TotalDebt":0,"BasePrice":872595,"Symbol":"obt","Index":267},{"TotalEquity":0,"TotalDebt":0,"BasePrice":5384000000,"Symbol":"okb","Index":268},{"TotalEquity":0,"TotalDebt":0,"BasePrice":29050000,"Symbol":"om","Index":269},{"TotalEquity":0,"TotalDebt":0,"BasePrice":20539999,"Symbol":"omg","Index":270},{"TotalEquity":0,"TotalDebt":0,"BasePrice":21950000000,"Symbol":"omi","Index":271},{"TotalEquity":0,"TotalDebt":0,"BasePrice":86629999,"Symbol":"ondo","Index":272},{"TotalEquity":0,"TotalDebt":0,"BasePrice":1204499,"Symbol":"one","Index":273},{"TotalEquity":0,"TotalDebt":0,"BasePrice":14160000,"Symbol":"ont","Index":274},{"TotalEquity":0,"TotalDebt":0,"BasePrice":4187999,"Symbol":"oort","Index":275},{"TotalEquity":0,"TotalDebt":0,"BasePrice":69349999,"Symbol":"op","Index":276},{"TotalEquity":0,"TotalDebt":0,"BasePrice":300300000,"Symbol":"orai","Index":277},{"TotalEquity":0,"TotalDebt":0,"BasePrice":8351999,"Symbol":"order","Index":278},{"TotalEquity":0,"TotalDebt":0,"BasePrice":919699999,"Symbol":"ordi","Index":279},{"TotalEquity":0,"TotalDebt":0,"BasePrice":32308999,"Symbol":"own","Index":280},{"TotalEquity":0,"TotalDebt":0,"BasePrice":12714000,"Symbol":"paal","Index":281},{"TotalEquity":0,"TotalDebt":0,"BasePrice":9126000,"Symbol":"peaq","Index":282},{"TotalEquity":0,"TotalDebt":0,"BasePrice":3716000,"Symbol":"peipei","Index":283},{"TotalEquity":0,"TotalDebt":0,"BasePrice":402199999,"Symbol":"pendle","Index":284},{"TotalEquity":0,"TotalDebt":0,"BasePrice":1125400,"Symbol":"pengu","Index":285},{"TotalEquity":0,"TotalDebt":0,"BasePrice":2193001,"Symbol":"people","Index":286},{"TotalEquity":0,"TotalDebt":0,"BasePrice":1247600565,"Symbol":"pepe","Index":287},{"TotalEquity":0,"TotalDebt":0,"BasePrice":29331400,"Symbol":"pepper","Index":288},{"TotalEquity":0,"TotalDebt":0,"BasePrice":12357000,"Symbol":"pha","Index":289},{"TotalEquity":0,"TotalDebt":0,"BasePrice":63328999,"Symbol":"pi","Index":290},{"TotalEquity":0,"TotalDebt":0,"BasePrice":1667999,"Symbol":"pig","Index":291},{"TotalEquity":0,"TotalDebt":0,"BasePrice":7229999,"Symbol":"pingo","Index":292},{"TotalEquity":0,"TotalDebt":0,"BasePrice":1820996,"Symbol":"pippin","Index":293},{"TotalEquity":0,"TotalDebt":0,"BasePrice":10795000,"Symbol":"plume","Index":294},{"TotalEquity":0,"TotalDebt":0,"BasePrice":15059999,"Symbol":"png","Index":295},{"TotalEquity":0,"TotalDebt":0,"BasePrice":6060667,"Symbol":"pokt","Index":296},{"TotalEquity":0,"TotalDebt":0,"BasePrice":23020000,"Symbol":"pol","Index":297},{"TotalEquity":0,"TotalDebt":0,"BasePrice":14240000,"Symbol":"polyx","Index":298},{"TotalEquity":0,"TotalDebt":0,"BasePrice":15228999,"Symbol":"ponke","Index":299},{"TotalEquity":0,"TotalDebt":0,"BasePrice":38120057,"Symbol":"popcat","Index":300},{"TotalEquity":0,"TotalDebt":0,"BasePrice":8988999,"Symbol":"prcl","Index":301},{"TotalEquity":0,"TotalDebt":0,"BasePrice":295100000,"Symbol":"prime","Index":302},{"TotalEquity":0,"TotalDebt":0,"BasePrice":100156746,"Symbol":"pro","Index":303},{"TotalEquity":0,"TotalDebt":0,"BasePrice":20080337,"Symbol":"puffer","Index":304},{"TotalEquity":0,"TotalDebt":0,"BasePrice":12280002,"Symbol":"pyth","Index":305},{"TotalEquity":0,"TotalDebt":0,"BasePrice":2593000,"Symbol":"qanx","Index":306},{"TotalEquity":0,"TotalDebt":0,"BasePrice":713999,"Symbol":"qkc","Index":307},{"TotalEquity":0,"TotalDebt":0,"BasePrice":11491999999,"Symbol":"qnt","Index":308},{"TotalEquity":0,"TotalDebt":0,"BasePrice":219799999,"Symbol":"qtum","Index":309},{"TotalEquity":0,"TotalDebt":0,"BasePrice":7721000,"Symbol":"quai","Index":310},{"TotalEquity":0,"TotalDebt":0,"BasePrice":154859999,"Symbol":"qubic","Index":311},{"TotalEquity":0,"TotalDebt":0,"BasePrice":7064999999,"Symbol":"raca","Index":312},{"TotalEquity":0,"TotalDebt":0,"BasePrice":105259999,"Symbol":"rari","Index":313},{"TotalEquity":0,"TotalDebt":0,"BasePrice":2196000000,"Symbol":"rats","Index":314},{"TotalEquity":0,"TotalDebt":0,"BasePrice":231090000,"Symbol":"ray","Index":315},{"TotalEquity":0,"TotalDebt":0,"BasePrice":2025000,"Symbol":"rect","Index":316},{"TotalEquity":0,"TotalDebt":0,"BasePrice":24060000000,"Symbol":"reef","Index":317},{"TotalEquity":0,"TotalDebt":0,"BasePrice":386000000,"Symbol":"render","Index":318},{"TotalEquity":0,"TotalDebt":0,"BasePrice":2785000,"Symbol":"revoland","Index":319},{"TotalEquity":0,"TotalDebt":0,"BasePrice":1096748,"Symbol":"rex","Index":320},{"TotalEquity":0,"TotalDebt":0,"BasePrice":959387,"Symbol":"rfc","Index":321},{"TotalEquity":0,"TotalDebt":0,"BasePrice":24510000,"Symbol":"roam","Index":322},{"TotalEquity":0,"TotalDebt":0,"BasePrice":2909000,"Symbol":"rose","Index":323},{"TotalEquity":0,"TotalDebt":0,"BasePrice":702300,"Symbol":"rsr","Index":324},{"TotalEquity":0,"TotalDebt":0,"BasePrice":168699999,"Symbol":"rune","Index":325},{"TotalEquity":0,"TotalDebt":0,"BasePrice":2134299,"Symbol":"rvn","Index":326},{"TotalEquity":0,"TotalDebt":0,"BasePrice":37430000,"Symbol":"s","Index":327},{"TotalEquity":0,"TotalDebt":0,"BasePrice":7000999,"Symbol":"saas","Index":328},{"TotalEquity":0,"TotalDebt":0,"BasePrice":48520000,"Symbol":"safe","Index":329},{"TotalEquity":0,"TotalDebt":0,"BasePrice":29149999,"Symbol":"saga","Index":330},{"TotalEquity":0,"TotalDebt":0,"BasePrice":28979999,"Symbol":"sand","Index":331},{"TotalEquity":0,"TotalDebt":0,"BasePrice":22759999,"Symbol":"saros","Index":332},{"TotalEquity":0,"TotalDebt":0,"BasePrice":4531000,"Symbol":"sats","Index":333},{"TotalEquity":0,"TotalDebt":0,"BasePrice":100349999999,"Symbol":"say","Index":334},{"TotalEquity":0,"TotalDebt":0,"BasePrice":11317000,"Symbol":"sca","Index":335},{"TotalEquity":0,"TotalDebt":0,"BasePrice":9667000,"Symbol":"scarcity","Index":336},{"TotalEquity":0,"TotalDebt":0,"BasePrice":30129999,"Symbol":"scr","Index":337},{"TotalEquity":0,"TotalDebt":0,"BasePrice":19869999,"Symbol":"sei","Index":338},{"TotalEquity":0,"TotalDebt":0,"BasePrice":522299,"Symbol":"sero","Index":339},{"TotalEquity":0,"TotalDebt":0,"BasePrice":94110000,"Symbol":"sfund","Index":340},{"TotalEquity":0,"TotalDebt":0,"BasePrice":581900,"Symbol":"sgb","Index":341},{"TotalEquity":0,"TotalDebt":0,"BasePrice":16568999,"Symbol":"shell","Index":342},{"TotalEquity":0,"TotalDebt":0,"BasePrice":1294999999,"Symbol":"shib","Index":343},{"TotalEquity":0,"TotalDebt":0,"BasePrice":1346200,"Symbol":"shx","Index":344},{"TotalEquity":0,"TotalDebt":0,"BasePrice":84420000000,"Symbol":"sidus","Index":345},{"TotalEquity":0,"TotalDebt":0,"BasePrice":7859000,"Symbol":"slerf","Index":346},{"TotalEquity":0,"TotalDebt":0,"BasePrice":28663000,"Symbol":"smb","Index":347},{"TotalEquity":0,"TotalDebt":0,"BasePrice":152120000,"Symbol":"sn","Index":348},{"TotalEquity":0,"TotalDebt":0,"BasePrice":261289999999,"Symbol":"snek","Index":349},{"TotalEquity":0,"TotalDebt":0,"BasePrice":25761999,"Symbol":"solo","Index":350},{"TotalEquity":0,"TotalDebt":0,"BasePrice":4358999,"Symbol":"solv","Index":351},{"TotalEquity":0,"TotalDebt":0,"BasePrice":23185016,"Symbol":"sonic","Index":352},{"TotalEquity":0,"TotalDebt":0,"BasePrice":1454999,"Symbol":"spa","Index":353},{"TotalEquity":0,"TotalDebt":0,"BasePrice":100000000,"Symbol":"space","Index":354},{"TotalEquity":0,"TotalDebt":0,"BasePrice":100639999,"Symbol":"spec","Index":355},{"TotalEquity":0,"TotalDebt":0,"BasePrice":161269845,"Symbol":"spx","Index":356},{"TotalEquity":0,"TotalDebt":0,"BasePrice":24652470,"Symbol":"sqd","Index":357},{"TotalEquity":0,"TotalDebt":0,"BasePrice":1116600000,"Symbol":"ssv","Index":358},{"TotalEquity":0,"TotalDebt":0,"BasePrice":91780000,"Symbol":"stik","Index":359},{"TotalEquity":0,"TotalDebt":0,"BasePrice":9001000,"Symbol":"sto","Index":360},{"TotalEquity":0,"TotalDebt":0,"BasePrice":6119999,"Symbol":"stt","Index":361},{"TotalEquity":0,"TotalDebt":0,"BasePrice":67799010,"Symbol":"stx","Index":362},{"TotalEquity":0,"TotalDebt":0,"BasePrice":339490000,"Symbol":"sui","Index":363},{"TotalEquity":0,"TotalDebt":0,"BasePrice":2253000,"Symbol":"suiai","Index":364},{"TotalEquity":0,"TotalDebt":0,"BasePrice":5462999,"Symbol":"sundog","Index":365},{"TotalEquity":0,"TotalDebt":0,"BasePrice":69949999,"Symbol":"super","Index":366},{"TotalEquity":0,"TotalDebt":0,"BasePrice":409499999999,"Symbol":"supra","Index":367},{"TotalEquity":0,"TotalDebt":0,"BasePrice":73260020,"Symbol":"sushi","Index":368},{"TotalEquity":0,"TotalDebt":0,"BasePrice":2249997,"Symbol":"swarms","Index":369},{"TotalEquity":0,"TotalDebt":0,"BasePrice":1337700,"Symbol":"swftc","Index":370},{"TotalEquity":0,"TotalDebt":0,"BasePrice":49647999,"Symbol":"syrup","Index":371},{"TotalEquity":0,"TotalDebt":0,"BasePrice":11484011,"Symbol":"tai","Index":372},{"TotalEquity":0,"TotalDebt":0,"BasePrice":55431131,"Symbol":"taiko","Index":373},{"TotalEquity":0,"TotalDebt":0,"BasePrice":40769999999,"Symbol":"tao","Index":374},{"TotalEquity":0,"TotalDebt":0,"BasePrice":2039199999,"Symbol":"tapt","Index":375},{"TotalEquity":0,"TotalDebt":0,"BasePrice":232799,"Symbol":"tara","Index":376},{"TotalEquity":0,"TotalDebt":0,"BasePrice":3632999,"Symbol":"tfuel","Index":377},{"TotalEquity":0,"TotalDebt":0,"BasePrice":79229999,"Symbol":"theta","Index":378},{"TotalEquity":0,"TotalDebt":0,"BasePrice":12623000,"Symbol":"thl","Index":379},{"TotalEquity":0,"TotalDebt":0,"BasePrice":210700000,"Symbol":"tia","Index":380},{"TotalEquity":0,"TotalDebt":0,"BasePrice":852599,"Symbol":"tico","Index":381},{"TotalEquity":0,"TotalDebt":0,"BasePrice":34747999,"Symbol":"titan","Index":382},{"TotalEquity":0,"TotalDebt":0,"BasePrice":4735000,"Symbol":"tlos","Index":383},{"TotalEquity":0,"TotalDebt":0,"BasePrice":1729000,"Symbol":"token","Index":384},{"TotalEquity":0,"TotalDebt":0,"BasePrice":323800000,"Symbol":"ton","Index":385},{"TotalEquity":0,"TotalDebt":0,"BasePrice":55970017516,"Symbol":"toshi","Index":386},{"TotalEquity":0,"TotalDebt":0,"BasePrice":43000000,"Symbol":"trac","Index":387},{"TotalEquity":0,"TotalDebt":0,"BasePrice":4605999999,"Symbol":"trb","Index":388},{"TotalEquity":0,"TotalDebt":0,"BasePrice":109310000,"Symbol":"trias","Index":389},{"TotalEquity":0,"TotalDebt":0,"BasePrice":26205369132,"Symbol":"troll","Index":390},{"TotalEquity":0,"TotalDebt":0,"BasePrice":3722000,"Symbol":"tru","Index":391},{"TotalEquity":0,"TotalDebt":0,"BasePrice":1070533912,"Symbol":"trump","Index":392},{"TotalEquity":0,"TotalDebt":0,"BasePrice":27957000,"Symbol":"trx","Index":393},{"TotalEquity":0,"TotalDebt":0,"BasePrice":426599998093,"Symbol":"turbo","Index":394},{"TotalEquity":0,"TotalDebt":0,"BasePrice":80569999,"Symbol":"twt","Index":395},{"TotalEquity":0,"TotalDebt":0,"BasePrice":74920,"Symbol":"txt","Index":396},{"TotalEquity":0,"TotalDebt":0,"BasePrice":89759999,"Symbol":"uds","Index":397},{"TotalEquity":0,"TotalDebt":0,"BasePrice":815800000,"Symbol":"uni","Index":398},{"TotalEquity":0,"TotalDebt":0,"BasePrice":5460000,"Symbol":"uos","Index":399},{"TotalEquity":0,"TotalDebt":0,"BasePrice":99969999,"Symbol":"usdc","Index":400},{"TotalEquity":0,"TotalDebt":0,"BasePrice":99929999,"Symbol":"usde","Index":401},{"TotalEquity":0,"TotalDebt":0,"BasePrice":100000000,"Symbol":"usdt","Index":402},{"TotalEquity":0,"TotalDebt":0,"BasePrice":1218200,"Symbol":"ustc","Index":403},{"TotalEquity":0,"TotalDebt":0,"BasePrice":10933999,"Symbol":"usual","Index":404},{"TotalEquity":0,"TotalDebt":0,"BasePrice":3377999,"Symbol":"vanry","Index":405},{"TotalEquity":0,"TotalDebt":0,"BasePrice":1323000,"Symbol":"velo","Index":406},{"TotalEquity":0,"TotalDebt":0,"BasePrice":13543999,"Symbol":"venom","Index":407},{"TotalEquity":0,"TotalDebt":0,"BasePrice":2499000,"Symbol":"vet","Index":408},{"TotalEquity":0,"TotalDebt":0,"BasePrice":4342099,"Symbol":"vice","Index":409},{"TotalEquity":0,"TotalDebt":0,"BasePrice":3549994,"Symbol":"vine","Index":410},{"TotalEquity":0,"TotalDebt":0,"BasePrice":1970238,"Symbol":"vinu","Index":411},{"TotalEquity":0,"TotalDebt":0,"BasePrice":210971017,"Symbol":"virtual","Index":412},{"TotalEquity":0,"TotalDebt":0,"BasePrice":692599999,"Symbol":"vista","Index":413},{"TotalEquity":0,"TotalDebt":0,"BasePrice":145500000000,"Symbol":"vra","Index":414},{"TotalEquity":0,"TotalDebt":0,"BasePrice":368699999,"Symbol":"vvv","Index":415},{"TotalEquity":0,"TotalDebt":0,"BasePrice":3058999,"Symbol":"vxt","Index":416},{"TotalEquity":0,"TotalDebt":0,"BasePrice":52070000,"Symbol":"wal","Index":417},{"TotalEquity":0,"TotalDebt":0,"BasePrice":110199999,"Symbol":"waves","Index":418},{"TotalEquity":0,"TotalDebt":0,"BasePrice":10833549999999,"Symbol":"wbtc","Index":419},{"TotalEquity":0,"TotalDebt":0,"BasePrice":3293000,"Symbol":"well","Index":420},{"TotalEquity":0,"TotalDebt":0,"BasePrice":37910000,"Symbol":"wemix","Index":421},{"TotalEquity":0,"TotalDebt":0,"BasePrice":4140000000,"Symbol":"wen","Index":422},{"TotalEquity":0,"TotalDebt":0,"BasePrice":100000000000000,"Symbol":"wgrt","Index":423},{"TotalEquity":0,"TotalDebt":0,"BasePrice":3517063,"Symbol":"why","Index":424},{"TotalEquity":0,"TotalDebt":0,"BasePrice":95569999,"Symbol":"wif","Index":425},{"TotalEquity":0,"TotalDebt":0,"BasePrice":19660000,"Symbol":"wild","Index":426},{"TotalEquity":0,"TotalDebt":0,"BasePrice":112059999,"Symbol":"wld","Index":427},{"TotalEquity":0,"TotalDebt":0,"BasePrice":48039999999,"Symbol":"wojak","Index":428},{"TotalEquity":0,"TotalDebt":0,"BasePrice":10462000,"Symbol":"wpay","Index":429},{"TotalEquity":0,"TotalDebt":0,"BasePrice":2259000,"Symbol":"wrx","Index":430},{"TotalEquity":0,"TotalDebt":0,"BasePrice":16510356,"Symbol":"wuf","Index":431},{"TotalEquity":0,"TotalDebt":0,"BasePrice":6877999999,"Symbol":"x","Index":432},{"TotalEquity":0,"TotalDebt":0,"BasePrice":6734999,"Symbol":"xai","Index":433},{"TotalEquity":0,"TotalDebt":0,"BasePrice":336209999999,"Symbol":"xaut","Index":434},{"TotalEquity":0,"TotalDebt":0,"BasePrice":1113400000,"Symbol":"xch","Index":435},{"TotalEquity":0,"TotalDebt":0,"BasePrice":1451000,"Symbol":"xcn","Index":436},{"TotalEquity":0,"TotalDebt":0,"BasePrice":6738000,"Symbol":"xdc","Index":437},{"TotalEquity":0,"TotalDebt":0,"BasePrice":2219999999,"Symbol":"xec","Index":438},{"TotalEquity":0,"TotalDebt":0,"BasePrice":675899,"Symbol":"xem","Index":439},{"TotalEquity":0,"TotalDebt":0,"BasePrice":4770000,"Symbol":"xen","Index":440},{"TotalEquity":0,"TotalDebt":0,"BasePrice":27674999,"Symbol":"xlm","Index":441},{"TotalEquity":0,"TotalDebt":0,"BasePrice":6524000,"Symbol":"xpla","Index":442},{"TotalEquity":0,"TotalDebt":0,"BasePrice":343660,"Symbol":"xpr","Index":443},{"TotalEquity":0,"TotalDebt":0,"BasePrice":635700,"Symbol":"xrd","Index":444},{"TotalEquity":0,"TotalDebt":0,"BasePrice":226999999,"Symbol":"xrp","Index":445},{"TotalEquity":0,"TotalDebt":0,"BasePrice":515200000,"Symbol":"xt","Index":446},{"TotalEquity":0,"TotalDebt":0,"BasePrice":32740000,"Symbol":"xtta","Index":447},{"TotalEquity":0,"TotalDebt":0,"BasePrice":61290000,"Symbol":"xtz","Index":448},{"TotalEquity":0,"TotalDebt":0,"BasePrice":1070099,"Symbol":"xyo","Index":449},{"TotalEquity":0,"TotalDebt":0,"BasePrice":10865999999,"Symbol":"yfii","Index":450},{"TotalEquity":0,"TotalDebt":0,"BasePrice":19250000,"Symbol":"ygg","Index":451},{"TotalEquity":0,"TotalDebt":0,"BasePrice":439260000000,"Symbol":"zbcn","Index":452},{"TotalEquity":0,"TotalDebt":0,"BasePrice":323300000,"Symbol":"zbu","Index":453},{"TotalEquity":0,"TotalDebt":0,"BasePrice":3065004,"Symbol":"zerebro","Index":454},{"TotalEquity":0,"TotalDebt":0,"BasePrice":21669999,"Symbol":"zeta","Index":455},{"TotalEquity":0,"TotalDebt":0,"BasePrice":19413631,"Symbol":"zeus","Index":456},{"TotalEquity":0,"TotalDebt":0,"BasePrice":11099999,"Symbol":"zig","Index":457},{"TotalEquity":0,"TotalDebt":0,"BasePrice":1197300,"Symbol":"zil","Index":458},{"TotalEquity":0,"TotalDebt":0,"BasePrice":29654994,"Symbol":"zk","Index":459},{"TotalEquity":0,"TotalDebt":0,"BasePrice":199360000,"Symbol":"zkj","Index":460},{"TotalEquity":0,"TotalDebt":0,"BasePrice":223599999,"Symbol":"zro","Index":461}]
}