{"Arrangement":0,"UniqueIdentification":"151471e6f7b7e67511800b8e56f6b8e3df52b0d8854f89d94193a0303682a985","TotalAssetEquity":1737312900000000,"TotalAssetDebt":0,"AssetDetails":[{"Index":110,"Equity":29774,"Debt":0}],"TreeRootHash":"2e7e01ad51d5c668e8d581be83fcfe806644b7c834876d540b188816a67778e6","MerkleProofEncode":["KFOq270G3rXWoTidI6if9HZYqvSkWyh+z9Yt8ZK9kaQ=","EbNWeLOuF1LPF5MOGm8301n1/dUErCHUKq0O7hIGGko=","IEeL496JK3jde0I7HOf9KBkTD4CTRvC5NZGfcOKe2sQ=","BzH6K1nYlUFlRebxL5gqdk98snFwWg/Kc5HeAw+ofSM=","JGhFkRo/y2HE3H0ETjflVplUA9y7MmhjOMqZeTOMlGs=","D27NBdz1wPs8OqBDnY2b2lVqLZTgPM5Mgl1OFe2RaK8=","L8ZMjITh3cSS8MYe1ZvrR4o8lUdQqZX1zR16267tGV0=","L081hh84oNgsmWn8p8hO6wQy76uvyf0pScT7x7OGepU=","CaCS9sFrRl3QvpyDH34Wo67qokPUS9fHNCqegiDu2VE=","Gfhlga/yk87UYI+yH4FhAz0U3KE1qzaI37LNz+W5b1Q=","EYp5tMHVVq3KavMWYLIzA3J4jXIed8IGDXp+ylt1W4c=","EIMDICXBI1EUjqthw2aAGD3BSY7I1sZlYWMzwwGS6tU=","GWHLdyhxjUA8/PxCG271VQTqtZ9MBFoKMOUl5jbBQsQ=","EOUsCnQgMW9JAi0RiG7R7rQV1wM3UHNoQk3GFPqOLbM=","HzeAZCE1p00hkuCUDRzEksRZICttXVH+cf3PfsHMIxc=","DtCg+tvSIF7wIM9yo2Yt3TqvePl+xdZDr9ATX8e2cpc=","AYvet0OlgFcn3HI93Nj7LcmIfh+YIUe9YHfl7Vtal3Q=","E6Y8fK67hoQSLp0eXp7An04XcccnPz15E35r29iYzrk=","I6Go6aDT1gw37OUvoc2jpBZSbAqsBtZhMZiPJkrG4sc=","D1+pYf9FllwIZdntWUCT5EWLz64fo5SgIk+Oiz4kWCY=","CHKAVHnE0vFq7HTa1zfdOU7K/2T2d9VMfBBCdnh5zT0=","BI1oivQjtT0cS1QVEe5y4XujSLsNxXVbrGOoeVZSM0o=","AJfR2Ooiu4mlJhLQvaIe6zyVNG4VLrhBvM4C1pWYno8=","IS/w6ZM/m4W5Lk3Z0ZWIgynnguW9GIJgEgjbDOVBLa4=","CH+attHavPkQiteZ0OfH5IiOyzmHQUq+e8pvfAFyZB8=","IRgQ73CejDyl0SEor22Ol3tj57mlaqAfLB7T7TsBfug=","FMXAjb/IRiryqACdNnToiCLhc0e6uj9QwaUCEANQE28=","ECxfsJKNnJEyMC3hZW+e43aB0GO2UG9a/EykCY+AgVE="]}